<?xml version="1.0" encoding="UTF-8"?>
<project-private xmlns="http://www.netbeans.org/ns/project-private/1">
    <editor-bookmarks xmlns="http://www.netbeans.org/ns/editor-bookmarks/2" lastBookmarkId="0"/>
    <open-files xmlns="http://www.netbeans.org/ns/projectui-open-files/2">
        <group>
            <file>file:/D:/Software%20Engineering/Ky3/LAB211%20(OOP%20with%20Java%20Lab)/TH_LAB211/GameCaro/src/gamecaro/GameCaro.java</file>
            <file>file:/D:/Software%20Engineering/Ky3/LAB211%20(OOP%20with%20Java%20Lab)/TH_LAB211/GameCaro/src/gamecaro/Card.java</file>
        </group>
    </open-files>
</project-private>
